[
  {
    "pk": 1, 
    "model": "common.colorthreshold", 
    "fields": {
      "color": "black",
      "threshold" : -1
    }
  }, 
  {
    "pk": 2, 
    "model": "common.colorthreshold", 
    "fields": {
      "color": "white",
      "threshold" : 0
    }
  }, 
  {
    "pk": 3, 
    "model": "common.colorthreshold", 
    "fields": {
      "color": "blue",
      "threshold" : 5000
    }
  }, 
  {
    "pk": 4, 
    "model": "common.colorthreshold", 
    "fields": {
      "color": "green",
      "threshold" : 12000
    }
  }, 
  {
    "pk": 5, 
    "model": "common.colorthreshold", 
    "fields": {
      "color": "yellow",
      "threshold" : 30000
    }
  }, 
  {
    "pk": 6, 
    "model": "common.colorthreshold", 
    "fields": {
      "color": "orange",
      "threshold" : 40000
    }
  }, 
  {
    "pk": 7, 
    "model": "common.colorthreshold", 
    "fields": {
      "color": "red",
      "threshold" : 600000
    }
  }, 
  {
    "pk": 8, 
    "model": "common.colorthreshold", 
    "fields": {
      "color": "purple",
      "threshold" : 3000000
    }
  }, 
  {
    "pk": 1, 
    "model": "roles.roletype", 
    "fields": {
      "typeName": "roles", 
      "dispName": "General"
    }
  }, 
  {
    "pk": 2, 
    "model": "roles.roletype", 
    "fields": {
      "typeName": "grantableRoles", 
      "dispName": "Grantable General"
    }
  }, 
  {
    "pk": 3, 
    "model": "roles.roletype", 
    "fields": {
      "typeName": "rolesAtHQ", 
      "dispName": "At HQ"
    }
  }, 
  {
    "pk": 4, 
    "model": "roles.roletype", 
    "fields": {
      "typeName": "grantableRolesAtHQ", 
      "dispName": "Grantable At HQ"
    }
  }, 
  {
    "pk": 5, 
    "model": "roles.roletype", 
    "fields": {
      "typeName": "rolesAtBase", 
      "dispName": "At Base"
    }
  }, 
  {
    "pk": 6, 
    "model": "roles.roletype", 
    "fields": {
      "typeName": "grantableRolesAtBase", 
      "dispName": "Grantable At Base"
    }
  }, 
  {
    "pk": 7, 
    "model": "roles.roletype", 
    "fields": {
      "typeName": "rolesAtOther", 
      "dispName": "At Other"
    }
  }, 
  {
    "pk": 8, 
    "model": "roles.roletype", 
    "fields": {
      "typeName": "grantableRolesAtOther", 
      "dispName": "Grantable At Other"
    }
  }, 
  {
    "pk": 1, 
    "model": "roles.role", 
    "fields": {
      "roleType": 1, 
      "description": "Can do anything the CEO can do. Including giving roles to anyone.", 
      "accessLvl": 1000000, 
      "roleID": 1, 
      "wallet": null, 
      "dispName": "Director", 
      "roleName": "roleDirector", 
      "hangar": null
    }
  }, 
  {
    "pk": 2, 
    "model": "roles.role", 
    "fields": {
      "roleType": 1, 
      "description": "Can accept applications to join the corporation.", 
      "accessLvl": 50, 
      "roleID": 128, 
      "wallet": null, 
      "dispName": "Personnel Manager", 
      "roleName": "rolePersonnelManager", 
      "hangar": null
    }
  }, 
  {
    "pk": 3, 
    "model": "roles.role", 
    "fields": {
      "roleType": 1, 
      "description": "Can view/use corporation accountancy info.", 
      "accessLvl": 40, 
      "roleID": 256, 
      "wallet": null, 
      "dispName": "Accountant", 
      "roleName": "roleAccountant", 
      "hangar": null
    }
  }, 
  {
    "pk": 4, 
    "model": "roles.role", 
    "fields": {
      "roleType": 1, 
      "description": "Can view the content of other members hangars (in stations where the corporation has an office)", 
      "accessLvl": 5, 
      "roleID": 512, 
      "wallet": null, 
      "dispName": "Security Officer", 
      "roleName": "roleSecurityOfficer", 
      "hangar": null
    }
  }, 
  {
    "pk": 5, 
    "model": "roles.role", 
    "fields": {
      "roleType": 1, 
      "description": "Can perform factory management tasks.", 
      "accessLvl": 50, 
      "roleID": 1024, 
      "wallet": null, 
      "dispName": "Factory Manager", 
      "roleName": "roleFactoryManager", 
      "hangar": null
    }
  }, 
  {
    "pk": 6, 
    "model": "roles.role", 
    "fields": {
      "roleType": 1, 
      "description": "Can perform station management for a corporation.", 
      "accessLvl": 100, 
      "roleID": 2048, 
      "wallet": null, 
      "dispName": "Station Manager", 
      "roleName": "roleStationManager", 
      "hangar": null
    }
  }, 
  {
    "pk": 7, 
    "model": "roles.role", 
    "fields": {
      "roleType": 1, 
      "description": "Can perform audits on corporation security event logs", 
      "accessLvl": 50, 
      "roleID": 4096, 
      "wallet": null, 
      "dispName": "Auditor", 
      "roleName": "roleAuditor", 
      "hangar": null
    }
  }, 
  {
    "pk": 8, 
    "model": "roles.role", 
    "fields": {
      "roleType": 1, 
      "description": "Can take funds from this divisions account", 
      "accessLvl": 100, 
      "roleID": 134217728, 
      "wallet": 1000, 
      "dispName": "Account Take: %s", 
      "roleName": "roleAccountCanTake1", 
      "hangar": null
    }
  }, 
  {
    "pk": 9, 
    "model": "roles.role", 
    "fields": {
      "roleType": 1, 
      "description": "Can take funds from this divisions account", 
      "accessLvl": 100, 
      "roleID": 268435456, 
      "wallet": 1001, 
      "dispName": "Account Take: %s", 
      "roleName": "roleAccountCanTake2", 
      "hangar": null
    }
  }, 
  {
    "pk": 10, 
    "model": "roles.role", 
    "fields": {
      "roleType": 1, 
      "description": "Can take funds from this divisions account", 
      "accessLvl": 100, 
      "roleID": 536870912, 
      "wallet": 1002, 
      "dispName": "Account Take: %s", 
      "roleName": "roleAccountCanTake3", 
      "hangar": null
    }
  }, 
  {
    "pk": 11, 
    "model": "roles.role", 
    "fields": {
      "roleType": 1, 
      "description": "Can take funds from this divisions account", 
      "accessLvl": 100, 
      "roleID": 1073741824, 
      "wallet": 1003, 
      "dispName": "Account Take: %s", 
      "roleName": "roleAccountCanTake4", 
      "hangar": null
    }
  }, 
  {
    "pk": 12, 
    "model": "roles.role", 
    "fields": {
      "roleType": 1, 
      "description": "Can take funds from this divisions account", 
      "accessLvl": 100, 
      "roleID": 2147483648, 
      "wallet": 1004, 
      "dispName": "Account Take: %s", 
      "roleName": "roleAccountCanTake5", 
      "hangar": null
    }
  }, 
  {
    "pk": 13, 
    "model": "roles.role", 
    "fields": {
      "roleType": 1, 
      "description": "Can take funds from this divisions account", 
      "accessLvl": 100, 
      "roleID": 4294967296, 
      "wallet": 1005, 
      "dispName": "Account Take: %s", 
      "roleName": "roleAccountCanTake6", 
      "hangar": null
    }
  }, 
  {
    "pk": 14, 
    "model": "roles.role", 
    "fields": {
      "roleType": 1, 
      "description": "Can take funds from this divisions account", 
      "accessLvl": 100, 
      "roleID": 8589934592, 
      "wallet": 1006, 
      "dispName": "Account Take: %s", 
      "roleName": "roleAccountCanTake7", 
      "hangar": null
    }
  }, 
  {
    "pk": 15, 
    "model": "roles.role", 
    "fields": {
      "roleType": 1, 
      "description": "Can deploy and configure equipment in space.", 
      "accessLvl": 20, 
      "roleID": 2199023255552, 
      "wallet": null, 
      "dispName": "Equipment Config", 
      "roleName": "roleEquipmentConfig", 
      "hangar": null
    }
  }, 
  {
    "pk": 16, 
    "model": "roles.role", 
    "fields": {
      "roleType": 1, 
      "description": "When assigned to a member, the member can rent offices on behalf of the corporation", 
      "accessLvl": 20, 
      "roleID": 562949953421312, 
      "wallet": null, 
      "dispName": "Rent Office", 
      "roleName": "roleCanRentOffice", 
      "hangar": null
    }
  }, 
  {
    "pk": 17, 
    "model": "roles.role", 
    "fields": {
      "roleType": 1, 
      "description": "When assigned to a member, the member can rent factory slots on behalf of the corporation", 
      "accessLvl": 10, 
      "roleID": 1125899906842624, 
      "wallet": null, 
      "dispName": "Rent Factory Slot", 
      "roleName": "roleCanRentFactorySlot", 
      "hangar": null
    }
  }, 
  {
    "pk": 18, 
    "model": "roles.role", 
    "fields": {
      "roleType": 1, 
      "description": "When assigned to a member, the member can rent research facilities on behalf of the corporation", 
      "accessLvl": 10, 
      "roleID": 2251799813685248, 
      "wallet": null, 
      "dispName": "Rent Research Slot", 
      "roleName": "roleCanRentResearchSlot", 
      "hangar": null
    }
  }, 
  {
    "pk": 19, 
    "model": "roles.role", 
    "fields": {
      "roleType": 1, 
      "description": "Can view corporation accountancy info.", 
      "accessLvl": 10, 
      "roleID": 4503599627370496, 
      "wallet": null, 
      "dispName": "Junior Accountant", 
      "roleName": "roleJuniorAccountant", 
      "hangar": null
    }
  }, 
  {
    "pk": 20, 
    "model": "roles.role", 
    "fields": {
      "roleType": 1, 
      "description": "Can deploy and configure starbase structures in space.", 
      "accessLvl": 50, 
      "roleID": 9007199254740992, 
      "wallet": null, 
      "dispName": "Starbase Config", 
      "roleName": "roleStarbaseConfig", 
      "hangar": null
    }
  }, 
  {
    "pk": 21, 
    "model": "roles.role", 
    "fields": {
      "roleType": 1, 
      "description": "Can buy and sell things on behalf of the corporation", 
      "accessLvl": 20, 
      "roleID": 18014398509481984, 
      "wallet": null, 
      "dispName": "Trader", 
      "roleName": "roleTrader", 
      "hangar": null
    }
  }, 
  {
    "pk": 22, 
    "model": "roles.role", 
    "fields": {
      "roleType": 1, 
      "description": "Can moderate corporation/alliance communications channels", 
      "accessLvl": 0, 
      "roleID": 36028797018963968, 
      "wallet": null, 
      "dispName": "Communication Officer", 
      "roleName": "roleChatManager", 
      "hangar": null
    }
  }, 
  {
    "pk": 23, 
    "model": "roles.role", 
    "fields": {
      "roleType": 1, 
      "description": "Can create, edit and oversee all contracts made on behalf of the corportation as well as accept contracts on behalf of the corporation", 
      "accessLvl": 20, 
      "roleID": 72057594037927936, 
      "wallet": null, 
      "dispName": "Contract Manager", 
      "roleName": "roleContractManager", 
      "hangar": null
    }
  }, 
  {
    "pk": 24, 
    "model": "roles.role", 
    "fields": {
      "roleType": 1, 
      "description": "Can operate defensive starbase structures", 
      "accessLvl": 10, 
      "roleID": 144115188075855872, 
      "wallet": null, 
      "dispName": "Starbase Defence Operator", 
      "roleName": "roleInfrastructureTacticalOfficer", 
      "hangar": null
    }
  }, 
  {
    "pk": 25, 
    "model": "roles.role", 
    "fields": {
      "roleType": 1, 
      "description": "Can refuel starbases and take from silo bins", 
      "accessLvl": 10, 
      "roleID": 288230376151711744, 
      "wallet": null, 
      "dispName": "Starbase Fuel Tech", 
      "roleName": "roleStarbaseCaretaker", 
      "hangar": null
    }
  }, 
  {
    "pk": 26, 
    "model": "roles.role", 
    "fields": {
      "roleType": 1, 
      "description": "Can add and delete corporation fittings", 
      "accessLvl": 20, 
      "roleID": 576460752303423488, 
      "wallet": null, 
      "dispName": "Fitting Manager", 
      "roleName": "roleFittingManager", 
      "hangar": null
    }
  }, 
  {
    "pk": 27, 
    "model": "roles.role", 
    "fields": {
      "roleType": 2, 
      "description": "Can accept applications to join the corporation.", 
      "accessLvl": 50, 
      "roleID": 128, 
      "wallet": null, 
      "dispName": "Personnel Manager", 
      "roleName": "rolePersonnelManager", 
      "hangar": null
    }
  }, 
  {
    "pk": 28, 
    "model": "roles.role", 
    "fields": {
      "roleType": 2, 
      "description": "Can view/use corporation accountancy info.", 
      "accessLvl": 40, 
      "roleID": 256, 
      "wallet": null, 
      "dispName": "Accountant", 
      "roleName": "roleAccountant", 
      "hangar": null
    }
  }, 
  {
    "pk": 29, 
    "model": "roles.role", 
    "fields": {
      "roleType": 2, 
      "description": "Can view the content of other members hangars (in stations where the corporation has an office)", 
      "accessLvl": 5, 
      "roleID": 512, 
      "wallet": null, 
      "dispName": "Security Officer", 
      "roleName": "roleSecurityOfficer", 
      "hangar": null
    }
  }, 
  {
    "pk": 30, 
    "model": "roles.role", 
    "fields": {
      "roleType": 2, 
      "description": "Can perform factory management tasks.", 
      "accessLvl": 50, 
      "roleID": 1024, 
      "wallet": null, 
      "dispName": "Factory Manager", 
      "roleName": "roleFactoryManager", 
      "hangar": null
    }
  }, 
  {
    "pk": 31, 
    "model": "roles.role", 
    "fields": {
      "roleType": 2, 
      "description": "Can perform station management for a corporation.", 
      "accessLvl": 100, 
      "roleID": 2048, 
      "wallet": null, 
      "dispName": "Station Manager", 
      "roleName": "roleStationManager", 
      "hangar": null
    }
  }, 
  {
    "pk": 32, 
    "model": "roles.role", 
    "fields": {
      "roleType": 2, 
      "description": "Can perform audits on corporation security event logs", 
      "accessLvl": 50, 
      "roleID": 4096, 
      "wallet": null, 
      "dispName": "Auditor", 
      "roleName": "roleAuditor", 
      "hangar": null
    }
  }, 
  {
    "pk": 33, 
    "model": "roles.role", 
    "fields": {
      "roleType": 2, 
      "description": "Can take funds from this divisions account", 
      "accessLvl": 100, 
      "roleID": 134217728, 
      "wallet": 1000, 
      "dispName": "Account Take: %s", 
      "roleName": "roleAccountCanTake1", 
      "hangar": null
    }
  }, 
  {
    "pk": 34, 
    "model": "roles.role", 
    "fields": {
      "roleType": 2, 
      "description": "Can take funds from this divisions account", 
      "accessLvl": 100, 
      "roleID": 268435456, 
      "wallet": 1001, 
      "dispName": "Account Take: %s", 
      "roleName": "roleAccountCanTake2", 
      "hangar": null
    }
  }, 
  {
    "pk": 35, 
    "model": "roles.role", 
    "fields": {
      "roleType": 2, 
      "description": "Can take funds from this divisions account", 
      "accessLvl": 100, 
      "roleID": 536870912, 
      "wallet": 1002, 
      "dispName": "Account Take: %s", 
      "roleName": "roleAccountCanTake3", 
      "hangar": null
    }
  }, 
  {
    "pk": 36, 
    "model": "roles.role", 
    "fields": {
      "roleType": 2, 
      "description": "Can take funds from this divisions account", 
      "accessLvl": 100, 
      "roleID": 1073741824, 
      "wallet": 1003, 
      "dispName": "Account Take: %s", 
      "roleName": "roleAccountCanTake4", 
      "hangar": null
    }
  }, 
  {
    "pk": 37, 
    "model": "roles.role", 
    "fields": {
      "roleType": 2, 
      "description": "Can take funds from this divisions account", 
      "accessLvl": 100, 
      "roleID": 2147483648, 
      "wallet": 1004, 
      "dispName": "Account Take: %s", 
      "roleName": "roleAccountCanTake5", 
      "hangar": null
    }
  }, 
  {
    "pk": 38, 
    "model": "roles.role", 
    "fields": {
      "roleType": 2, 
      "description": "Can take funds from this divisions account", 
      "accessLvl": 100, 
      "roleID": 4294967296, 
      "wallet": 1005, 
      "dispName": "Account Take: %s", 
      "roleName": "roleAccountCanTake6", 
      "hangar": null
    }
  }, 
  {
    "pk": 39, 
    "model": "roles.role", 
    "fields": {
      "roleType": 2, 
      "description": "Can take funds from this divisions account", 
      "accessLvl": 100, 
      "roleID": 8589934592, 
      "wallet": 1006, 
      "dispName": "Account Take: %s", 
      "roleName": "roleAccountCanTake7", 
      "hangar": null
    }
  }, 
  {
    "pk": 40, 
    "model": "roles.role", 
    "fields": {
      "roleType": 2, 
      "description": "Can deploy and configure equipment in space.", 
      "accessLvl": 40, 
      "roleID": 2199023255552, 
      "wallet": null, 
      "dispName": "Equipment Config", 
      "roleName": "roleEquipmentConfig", 
      "hangar": null
    }
  }, 
  {
    "pk": 41, 
    "model": "roles.role", 
    "fields": {
      "roleType": 2, 
      "description": "When assigned to a member, the member can rent offices on behalf of the corporation", 
      "accessLvl": 10, 
      "roleID": 562949953421312, 
      "wallet": null, 
      "dispName": "Rent Office", 
      "roleName": "roleCanRentOffice", 
      "hangar": null
    }
  }, 
  {
    "pk": 42, 
    "model": "roles.role", 
    "fields": {
      "roleType": 2, 
      "description": "When assigned to a member, the member can rent factory slots on behalf of the corporation", 
      "accessLvl": 10, 
      "roleID": 1125899906842624, 
      "wallet": null, 
      "dispName": "Rent Factory Slot", 
      "roleName": "roleCanRentFactorySlot", 
      "hangar": null
    }
  }, 
  {
    "pk": 43, 
    "model": "roles.role", 
    "fields": {
      "roleType": 2, 
      "description": "When assigned to a member, the member can rent research facilities on behalf of the corporation", 
      "accessLvl": 10, 
      "roleID": 2251799813685248, 
      "wallet": null, 
      "dispName": "Rent Research Slot", 
      "roleName": "roleCanRentResearchSlot", 
      "hangar": null
    }
  }, 
  {
    "pk": 44, 
    "model": "roles.role", 
    "fields": {
      "roleType": 2, 
      "description": "Can view corporation accountancy info.", 
      "accessLvl": 10, 
      "roleID": 4503599627370496, 
      "wallet": null, 
      "dispName": "Junior Accountant", 
      "roleName": "roleJuniorAccountant", 
      "hangar": null
    }
  }, 
  {
    "pk": 45, 
    "model": "roles.role", 
    "fields": {
      "roleType": 2, 
      "description": "Can deploy and configure starbase structures in space.", 
      "accessLvl": 50, 
      "roleID": 9007199254740992, 
      "wallet": null, 
      "dispName": "Starbase Config", 
      "roleName": "roleStarbaseConfig", 
      "hangar": null
    }
  }, 
  {
    "pk": 46, 
    "model": "roles.role", 
    "fields": {
      "roleType": 2, 
      "description": "Can buy and sell things on behalf of the corporation", 
      "accessLvl": 20, 
      "roleID": 18014398509481984, 
      "wallet": null, 
      "dispName": "Trader", 
      "roleName": "roleTrader", 
      "hangar": null
    }
  }, 
  {
    "pk": 47, 
    "model": "roles.role", 
    "fields": {
      "roleType": 2, 
      "description": "Can moderate corporation/alliance communications channels", 
      "accessLvl": 0, 
      "roleID": 36028797018963968, 
      "wallet": null, 
      "dispName": "Communication Officer", 
      "roleName": "roleChatManager", 
      "hangar": null
    }
  }, 
  {
    "pk": 48, 
    "model": "roles.role", 
    "fields": {
      "roleType": 2, 
      "description": "Can create, edit and oversee all contracts made on behalf of the corportation as well as accept contracts on behalf of the corporation", 
      "accessLvl": 20, 
      "roleID": 72057594037927936, 
      "wallet": null, 
      "dispName": "Contract Manager", 
      "roleName": "roleContractManager", 
      "hangar": null
    }
  }, 
  {
    "pk": 49, 
    "model": "roles.role", 
    "fields": {
      "roleType": 2, 
      "description": "Can operate defensive starbase structures", 
      "accessLvl": 20, 
      "roleID": 144115188075855872, 
      "wallet": null, 
      "dispName": "Starbase Defence Operator", 
      "roleName": "roleInfrastructureTacticalOfficer", 
      "hangar": null
    }
  }, 
  {
    "pk": 50, 
    "model": "roles.role", 
    "fields": {
      "roleType": 2, 
      "description": "Can refuel starbases and take from silo bins", 
      "accessLvl": 10, 
      "roleID": 288230376151711744, 
      "wallet": null, 
      "dispName": "Starbase Fuel Tech", 
      "roleName": "roleStarbaseCaretaker", 
      "hangar": null
    }
  }, 
  {
    "pk": 51, 
    "model": "roles.role", 
    "fields": {
      "roleType": 2, 
      "description": "Can add and delete corporation fittings", 
      "accessLvl": 20, 
      "roleID": 576460752303423488, 
      "wallet": null, 
      "dispName": "Fitting Manager", 
      "roleName": "roleFittingManager", 
      "hangar": null
    }
  }, 
  {
    "pk": 52, 
    "model": "roles.role", 
    "fields": {
      "roleType": 3, 
      "description": "Can do anything the CEO can do. Including giving roles to anyone.", 
      "accessLvl": 1000000, 
      "roleID": 1, 
      "wallet": null, 
      "dispName": "Director", 
      "roleName": "roleDirector", 
      "hangar": null
    }
  }, 
  {
    "pk": 53, 
    "model": "roles.role", 
    "fields": {
      "roleType": 3, 
      "description": "Can take items from this divisions hangar", 
      "accessLvl": 100, 
      "roleID": 8192, 
      "wallet": null, 
      "dispName": "Hangar Take: %s", 
      "roleName": "roleHangarCanTake1", 
      "hangar": 1000
    }
  }, 
  {
    "pk": 54, 
    "model": "roles.role", 
    "fields": {
      "roleType": 3, 
      "description": "Can take items from this divisions hangar", 
      "accessLvl": 100, 
      "roleID": 16384, 
      "wallet": null, 
      "dispName": "Hangar Take: %s", 
      "roleName": "roleHangarCanTake2", 
      "hangar": 1001
    }
  }, 
  {
    "pk": 55, 
    "model": "roles.role", 
    "fields": {
      "roleType": 3, 
      "description": "Can take items from this divisions hangar", 
      "accessLvl": 100, 
      "roleID": 32768, 
      "wallet": null, 
      "dispName": "Hangar Take: %s", 
      "roleName": "roleHangarCanTake3", 
      "hangar": 1002
    }
  }, 
  {
    "pk": 56, 
    "model": "roles.role", 
    "fields": {
      "roleType": 3, 
      "description": "Can take items from this divisions hangar", 
      "accessLvl": 100, 
      "roleID": 65536, 
      "wallet": null, 
      "dispName": "Hangar Take: %s", 
      "roleName": "roleHangarCanTake4", 
      "hangar": 1003
    }
  }, 
  {
    "pk": 57, 
    "model": "roles.role", 
    "fields": {
      "roleType": 3, 
      "description": "Can take items from this divisions hangar", 
      "accessLvl": 100, 
      "roleID": 131072, 
      "wallet": null, 
      "dispName": "Hangar Take: %s", 
      "roleName": "roleHangarCanTake5", 
      "hangar": 1004
    }
  }, 
  {
    "pk": 58, 
    "model": "roles.role", 
    "fields": {
      "roleType": 3, 
      "description": "Can take items from this divisions hangar", 
      "accessLvl": 100, 
      "roleID": 262144, 
      "wallet": null, 
      "dispName": "Hangar Take: %s", 
      "roleName": "roleHangarCanTake6", 
      "hangar": 1005
    }
  }, 
  {
    "pk": 59, 
    "model": "roles.role", 
    "fields": {
      "roleType": 3, 
      "description": "Can take items from this divisions hangar", 
      "accessLvl": 100, 
      "roleID": 524288, 
      "wallet": null, 
      "dispName": "Hangar Take: %s", 
      "roleName": "roleHangarCanTake7", 
      "hangar": 1006
    }
  }, 
  {
    "pk": 60, 
    "model": "roles.role", 
    "fields": {
      "roleType": 3, 
      "description": "Can query the content of this divisions hangar", 
      "accessLvl": 100, 
      "roleID": 1048576, 
      "wallet": null, 
      "dispName": "Hangar Query: %s", 
      "roleName": "roleHangarCanQuery1", 
      "hangar": 1000
    }
  }, 
  {
    "pk": 61, 
    "model": "roles.role", 
    "fields": {
      "roleType": 3, 
      "description": "Can query the content of this divisions hangar", 
      "accessLvl": 100, 
      "roleID": 2097152, 
      "wallet": null, 
      "dispName": "Hangar Query: %s", 
      "roleName": "roleHangarCanQuery2", 
      "hangar": 1001
    }
  }, 
  {
    "pk": 62, 
    "model": "roles.role", 
    "fields": {
      "roleType": 3, 
      "description": "Can query the content of this divisions hangar", 
      "accessLvl": 100, 
      "roleID": 4194304, 
      "wallet": null, 
      "dispName": "Hangar Query: %s", 
      "roleName": "roleHangarCanQuery3", 
      "hangar": 1002
    }
  }, 
  {
    "pk": 63, 
    "model": "roles.role", 
    "fields": {
      "roleType": 3, 
      "description": "Can query the content of this divisions hangar", 
      "accessLvl": 100, 
      "roleID": 8388608, 
      "wallet": null, 
      "dispName": "Hangar Query: %s", 
      "roleName": "roleHangarCanQuery4", 
      "hangar": 1003
    }
  }, 
  {
    "pk": 64, 
    "model": "roles.role", 
    "fields": {
      "roleType": 3, 
      "description": "Can query the content of this divisions hangar", 
      "accessLvl": 100, 
      "roleID": 16777216, 
      "wallet": null, 
      "dispName": "Hangar Query: %s", 
      "roleName": "roleHangarCanQuery5", 
      "hangar": 1004
    }
  }, 
  {
    "pk": 65, 
    "model": "roles.role", 
    "fields": {
      "roleType": 3, 
      "description": "Can query the content of this divisions hangar", 
      "accessLvl": 100, 
      "roleID": 33554432, 
      "wallet": null, 
      "dispName": "Hangar Query: %s", 
      "roleName": "roleHangarCanQuery6", 
      "hangar": 1005
    }
  }, 
  {
    "pk": 66, 
    "model": "roles.role", 
    "fields": {
      "roleType": 3, 
      "description": "Can query the content of this divisions hangar", 
      "accessLvl": 100, 
      "roleID": 67108864, 
      "wallet": null, 
      "dispName": "Hangar Query: %s", 
      "roleName": "roleHangarCanQuery7", 
      "hangar": 1006
    }
  }, 
  {
    "pk": 67, 
    "model": "roles.role", 
    "fields": {
      "roleType": 3, 
      "description": "Can take containers from this divisional hangar", 
      "accessLvl": 100, 
      "roleID": 4398046511104, 
      "wallet": null, 
      "dispName": "Container Take: %s", 
      "roleName": "roleContainerCanTake1", 
      "hangar": 1000
    }
  }, 
  {
    "pk": 68, 
    "model": "roles.role", 
    "fields": {
      "roleType": 3, 
      "description": "Can take containers from this divisional hangar", 
      "accessLvl": 100, 
      "roleID": 8796093022208, 
      "wallet": null, 
      "dispName": "Container Take: %s", 
      "roleName": "roleContainerCanTake2", 
      "hangar": 1001
    }
  }, 
  {
    "pk": 69, 
    "model": "roles.role", 
    "fields": {
      "roleType": 3, 
      "description": "Can take containers from this divisional hangar", 
      "accessLvl": 100, 
      "roleID": 17592186044416, 
      "wallet": null, 
      "dispName": "Container Take: %s", 
      "roleName": "roleContainerCanTake3", 
      "hangar": 1002
    }
  }, 
  {
    "pk": 70, 
    "model": "roles.role", 
    "fields": {
      "roleType": 3, 
      "description": "Can take containers from this divisional hangar", 
      "accessLvl": 100, 
      "roleID": 35184372088832, 
      "wallet": null, 
      "dispName": "Container Take: %s", 
      "roleName": "roleContainerCanTake4", 
      "hangar": 1003
    }
  }, 
  {
    "pk": 71, 
    "model": "roles.role", 
    "fields": {
      "roleType": 3, 
      "description": "Can take containers from this divisional hangar", 
      "accessLvl": 100, 
      "roleID": 70368744177664, 
      "wallet": null, 
      "dispName": "Container Take: %s", 
      "roleName": "roleContainerCanTake5", 
      "hangar": 1004
    }
  }, 
  {
    "pk": 72, 
    "model": "roles.role", 
    "fields": {
      "roleType": 3, 
      "description": "Can take containers from this divisional hangar", 
      "accessLvl": 100, 
      "roleID": 140737488355328, 
      "wallet": null, 
      "dispName": "Container Take: %s", 
      "roleName": "roleContainerCanTake6", 
      "hangar": 1005
    }
  }, 
  {
    "pk": 73, 
    "model": "roles.role", 
    "fields": {
      "roleType": 3, 
      "description": "Can take containers from this divisional hangar", 
      "accessLvl": 100, 
      "roleID": 281474976710656, 
      "wallet": null, 
      "dispName": "Container Take: %s", 
      "roleName": "roleContainerCanTake7", 
      "hangar": 1006
    }
  }, 
  {
    "pk": 74, 
    "model": "roles.role", 
    "fields": {
      "roleType": 4, 
      "description": "Can take items from this divisions hangar", 
      "accessLvl": 100, 
      "roleID": 8192, 
      "wallet": null, 
      "dispName": "Hangar Take: %s", 
      "roleName": "roleHangarCanTake1", 
      "hangar": 1000
    }
  }, 
  {
    "pk": 75, 
    "model": "roles.role", 
    "fields": {
      "roleType": 4, 
      "description": "Can take items from this divisions hangar", 
      "accessLvl": 100, 
      "roleID": 16384, 
      "wallet": null, 
      "dispName": "Hangar Take: %s", 
      "roleName": "roleHangarCanTake2", 
      "hangar": 1001
    }
  }, 
  {
    "pk": 76, 
    "model": "roles.role", 
    "fields": {
      "roleType": 4, 
      "description": "Can take items from this divisions hangar", 
      "accessLvl": 100, 
      "roleID": 32768, 
      "wallet": null, 
      "dispName": "Hangar Take: %s", 
      "roleName": "roleHangarCanTake3", 
      "hangar": 1002
    }
  }, 
  {
    "pk": 77, 
    "model": "roles.role", 
    "fields": {
      "roleType": 4, 
      "description": "Can take items from this divisions hangar", 
      "accessLvl": 100, 
      "roleID": 65536, 
      "wallet": null, 
      "dispName": "Hangar Take: %s", 
      "roleName": "roleHangarCanTake4", 
      "hangar": 1003
    }
  }, 
  {
    "pk": 78, 
    "model": "roles.role", 
    "fields": {
      "roleType": 4, 
      "description": "Can take items from this divisions hangar", 
      "accessLvl": 100, 
      "roleID": 131072, 
      "wallet": null, 
      "dispName": "Hangar Take: %s", 
      "roleName": "roleHangarCanTake5", 
      "hangar": 1004
    }
  }, 
  {
    "pk": 79, 
    "model": "roles.role", 
    "fields": {
      "roleType": 4, 
      "description": "Can take items from this divisions hangar", 
      "accessLvl": 100, 
      "roleID": 262144, 
      "wallet": null, 
      "dispName": "Hangar Take: %s", 
      "roleName": "roleHangarCanTake6", 
      "hangar": 1005
    }
  }, 
  {
    "pk": 80, 
    "model": "roles.role", 
    "fields": {
      "roleType": 4, 
      "description": "Can take items from this divisions hangar", 
      "accessLvl": 100, 
      "roleID": 524288, 
      "wallet": null, 
      "dispName": "Hangar Take: %s", 
      "roleName": "roleHangarCanTake7", 
      "hangar": 1006
    }
  }, 
  {
    "pk": 81, 
    "model": "roles.role", 
    "fields": {
      "roleType": 4, 
      "description": "Can query the content of this divisions hangar", 
      "accessLvl": 100, 
      "roleID": 1048576, 
      "wallet": null, 
      "dispName": "Hangar Query: %s", 
      "roleName": "roleHangarCanQuery1", 
      "hangar": 1000
    }
  }, 
  {
    "pk": 82, 
    "model": "roles.role", 
    "fields": {
      "roleType": 4, 
      "description": "Can query the content of this divisions hangar", 
      "accessLvl": 100, 
      "roleID": 2097152, 
      "wallet": null, 
      "dispName": "Hangar Query: %s", 
      "roleName": "roleHangarCanQuery2", 
      "hangar": 1001
    }
  }, 
  {
    "pk": 83, 
    "model": "roles.role", 
    "fields": {
      "roleType": 4, 
      "description": "Can query the content of this divisions hangar", 
      "accessLvl": 100, 
      "roleID": 4194304, 
      "wallet": null, 
      "dispName": "Hangar Query: %s", 
      "roleName": "roleHangarCanQuery3", 
      "hangar": 1002
    }
  }, 
  {
    "pk": 84, 
    "model": "roles.role", 
    "fields": {
      "roleType": 4, 
      "description": "Can query the content of this divisions hangar", 
      "accessLvl": 100, 
      "roleID": 8388608, 
      "wallet": null, 
      "dispName": "Hangar Query: %s", 
      "roleName": "roleHangarCanQuery4", 
      "hangar": 1003
    }
  }, 
  {
    "pk": 85, 
    "model": "roles.role", 
    "fields": {
      "roleType": 4, 
      "description": "Can query the content of this divisions hangar", 
      "accessLvl": 100, 
      "roleID": 16777216, 
      "wallet": null, 
      "dispName": "Hangar Query: %s", 
      "roleName": "roleHangarCanQuery5", 
      "hangar": 1004
    }
  }, 
  {
    "pk": 86, 
    "model": "roles.role", 
    "fields": {
      "roleType": 4, 
      "description": "Can query the content of this divisions hangar", 
      "accessLvl": 100, 
      "roleID": 33554432, 
      "wallet": null, 
      "dispName": "Hangar Query: %s", 
      "roleName": "roleHangarCanQuery6", 
      "hangar": 1005
    }
  }, 
  {
    "pk": 87, 
    "model": "roles.role", 
    "fields": {
      "roleType": 4, 
      "description": "Can query the content of this divisions hangar", 
      "accessLvl": 100, 
      "roleID": 67108864, 
      "wallet": null, 
      "dispName": "Hangar Query: %s", 
      "roleName": "roleHangarCanQuery7", 
      "hangar": 1006
    }
  }, 
  {
    "pk": 88, 
    "model": "roles.role", 
    "fields": {
      "roleType": 4, 
      "description": "Can take containers from this divisional hangar", 
      "accessLvl": 100, 
      "roleID": 4398046511104, 
      "wallet": null, 
      "dispName": "Container Take: %s", 
      "roleName": "roleContainerCanTake1", 
      "hangar": 1000
    }
  }, 
  {
    "pk": 89, 
    "model": "roles.role", 
    "fields": {
      "roleType": 4, 
      "description": "Can take containers from this divisional hangar", 
      "accessLvl": 100, 
      "roleID": 8796093022208, 
      "wallet": null, 
      "dispName": "Container Take: %s", 
      "roleName": "roleContainerCanTake2", 
      "hangar": 1001
    }
  }, 
  {
    "pk": 90, 
    "model": "roles.role", 
    "fields": {
      "roleType": 4, 
      "description": "Can take containers from this divisional hangar", 
      "accessLvl": 100, 
      "roleID": 17592186044416, 
      "wallet": null, 
      "dispName": "Container Take: %s", 
      "roleName": "roleContainerCanTake3", 
      "hangar": 1002
    }
  }, 
  {
    "pk": 91, 
    "model": "roles.role", 
    "fields": {
      "roleType": 4, 
      "description": "Can take containers from this divisional hangar", 
      "accessLvl": 100, 
      "roleID": 35184372088832, 
      "wallet": null, 
      "dispName": "Container Take: %s", 
      "roleName": "roleContainerCanTake4", 
      "hangar": 1003
    }
  }, 
  {
    "pk": 92, 
    "model": "roles.role", 
    "fields": {
      "roleType": 4, 
      "description": "Can take containers from this divisional hangar", 
      "accessLvl": 100, 
      "roleID": 70368744177664, 
      "wallet": null, 
      "dispName": "Container Take: %s", 
      "roleName": "roleContainerCanTake5", 
      "hangar": 1004
    }
  }, 
  {
    "pk": 93, 
    "model": "roles.role", 
    "fields": {
      "roleType": 4, 
      "description": "Can take containers from this divisional hangar", 
      "accessLvl": 100, 
      "roleID": 140737488355328, 
      "wallet": null, 
      "dispName": "Container Take: %s", 
      "roleName": "roleContainerCanTake6", 
      "hangar": 1005
    }
  }, 
  {
    "pk": 94, 
    "model": "roles.role", 
    "fields": {
      "roleType": 4, 
      "description": "Can take containers from this divisional hangar", 
      "accessLvl": 100, 
      "roleID": 281474976710656, 
      "wallet": null, 
      "dispName": "Container Take: %s", 
      "roleName": "roleContainerCanTake7", 
      "hangar": 1006
    }
  }, 
  {
    "pk": 95, 
    "model": "roles.role", 
    "fields": {
      "roleType": 5, 
      "description": "Can do anything the CEO can do. Including giving roles to anyone.", 
      "accessLvl": 1000000, 
      "roleID": 1, 
      "wallet": null, 
      "dispName": "Director", 
      "roleName": "roleDirector", 
      "hangar": null
    }
  }, 
  {
    "pk": 96, 
    "model": "roles.role", 
    "fields": {
      "roleType": 5, 
      "description": "Can take items from this divisions hangar", 
      "accessLvl": 100, 
      "roleID": 8192, 
      "wallet": null, 
      "dispName": "Hangar Take: %s", 
      "roleName": "roleHangarCanTake1", 
      "hangar": 1000
    }
  }, 
  {
    "pk": 97, 
    "model": "roles.role", 
    "fields": {
      "roleType": 5, 
      "description": "Can take items from this divisions hangar", 
      "accessLvl": 100, 
      "roleID": 16384, 
      "wallet": null, 
      "dispName": "Hangar Take: %s", 
      "roleName": "roleHangarCanTake2", 
      "hangar": 1001
    }
  }, 
  {
    "pk": 98, 
    "model": "roles.role", 
    "fields": {
      "roleType": 5, 
      "description": "Can take items from this divisions hangar", 
      "accessLvl": 100, 
      "roleID": 32768, 
      "wallet": null, 
      "dispName": "Hangar Take: %s", 
      "roleName": "roleHangarCanTake3", 
      "hangar": 1002
    }
  }, 
  {
    "pk": 99, 
    "model": "roles.role", 
    "fields": {
      "roleType": 5, 
      "description": "Can take items from this divisions hangar", 
      "accessLvl": 100, 
      "roleID": 65536, 
      "wallet": null, 
      "dispName": "Hangar Take: %s", 
      "roleName": "roleHangarCanTake4", 
      "hangar": 1003
    }
  }, 
  {
    "pk": 100, 
    "model": "roles.role", 
    "fields": {
      "roleType": 5, 
      "description": "Can take items from this divisions hangar", 
      "accessLvl": 100, 
      "roleID": 131072, 
      "wallet": null, 
      "dispName": "Hangar Take: %s", 
      "roleName": "roleHangarCanTake5", 
      "hangar": 1004
    }
  }, 
  {
    "pk": 101, 
    "model": "roles.role", 
    "fields": {
      "roleType": 5, 
      "description": "Can take items from this divisions hangar", 
      "accessLvl": 100, 
      "roleID": 262144, 
      "wallet": null, 
      "dispName": "Hangar Take: %s", 
      "roleName": "roleHangarCanTake6", 
      "hangar": 1005
    }
  }, 
  {
    "pk": 102, 
    "model": "roles.role", 
    "fields": {
      "roleType": 5, 
      "description": "Can take items from this divisions hangar", 
      "accessLvl": 100, 
      "roleID": 524288, 
      "wallet": null, 
      "dispName": "Hangar Take: %s", 
      "roleName": "roleHangarCanTake7", 
      "hangar": 1006
    }
  }, 
  {
    "pk": 103, 
    "model": "roles.role", 
    "fields": {
      "roleType": 5, 
      "description": "Can query the content of this divisions hangar", 
      "accessLvl": 100, 
      "roleID": 1048576, 
      "wallet": null, 
      "dispName": "Hangar Query: %s", 
      "roleName": "roleHangarCanQuery1", 
      "hangar": 1000
    }
  }, 
  {
    "pk": 104, 
    "model": "roles.role", 
    "fields": {
      "roleType": 5, 
      "description": "Can query the content of this divisions hangar", 
      "accessLvl": 100, 
      "roleID": 2097152, 
      "wallet": null, 
      "dispName": "Hangar Query: %s", 
      "roleName": "roleHangarCanQuery2", 
      "hangar": 1001
    }
  }, 
  {
    "pk": 105, 
    "model": "roles.role", 
    "fields": {
      "roleType": 5, 
      "description": "Can query the content of this divisions hangar", 
      "accessLvl": 100, 
      "roleID": 4194304, 
      "wallet": null, 
      "dispName": "Hangar Query: %s", 
      "roleName": "roleHangarCanQuery3", 
      "hangar": 1002
    }
  }, 
  {
    "pk": 106, 
    "model": "roles.role", 
    "fields": {
      "roleType": 5, 
      "description": "Can query the content of this divisions hangar", 
      "accessLvl": 100, 
      "roleID": 8388608, 
      "wallet": null, 
      "dispName": "Hangar Query: %s", 
      "roleName": "roleHangarCanQuery4", 
      "hangar": 1003
    }
  }, 
  {
    "pk": 107, 
    "model": "roles.role", 
    "fields": {
      "roleType": 5, 
      "description": "Can query the content of this divisions hangar", 
      "accessLvl": 100, 
      "roleID": 16777216, 
      "wallet": null, 
      "dispName": "Hangar Query: %s", 
      "roleName": "roleHangarCanQuery5", 
      "hangar": 1004
    }
  }, 
  {
    "pk": 108, 
    "model": "roles.role", 
    "fields": {
      "roleType": 5, 
      "description": "Can query the content of this divisions hangar", 
      "accessLvl": 100, 
      "roleID": 33554432, 
      "wallet": null, 
      "dispName": "Hangar Query: %s", 
      "roleName": "roleHangarCanQuery6", 
      "hangar": 1005
    }
  }, 
  {
    "pk": 109, 
    "model": "roles.role", 
    "fields": {
      "roleType": 5, 
      "description": "Can query the content of this divisions hangar", 
      "accessLvl": 100, 
      "roleID": 67108864, 
      "wallet": null, 
      "dispName": "Hangar Query: %s", 
      "roleName": "roleHangarCanQuery7", 
      "hangar": 1006
    }
  }, 
  {
    "pk": 110, 
    "model": "roles.role", 
    "fields": {
      "roleType": 5, 
      "description": "Can take containers from this divisional hangar", 
      "accessLvl": 100, 
      "roleID": 4398046511104, 
      "wallet": null, 
      "dispName": "Container Take: %s", 
      "roleName": "roleContainerCanTake1", 
      "hangar": 1000
    }
  }, 
  {
    "pk": 111, 
    "model": "roles.role", 
    "fields": {
      "roleType": 5, 
      "description": "Can take containers from this divisional hangar", 
      "accessLvl": 100, 
      "roleID": 8796093022208, 
      "wallet": null, 
      "dispName": "Container Take: %s", 
      "roleName": "roleContainerCanTake2", 
      "hangar": 1001
    }
  }, 
  {
    "pk": 112, 
    "model": "roles.role", 
    "fields": {
      "roleType": 5, 
      "description": "Can take containers from this divisional hangar", 
      "accessLvl": 100, 
      "roleID": 17592186044416, 
      "wallet": null, 
      "dispName": "Container Take: %s", 
      "roleName": "roleContainerCanTake3", 
      "hangar": 1002
    }
  }, 
  {
    "pk": 113, 
    "model": "roles.role", 
    "fields": {
      "roleType": 5, 
      "description": "Can take containers from this divisional hangar", 
      "accessLvl": 100, 
      "roleID": 35184372088832, 
      "wallet": null, 
      "dispName": "Container Take: %s", 
      "roleName": "roleContainerCanTake4", 
      "hangar": 1003
    }
  }, 
  {
    "pk": 114, 
    "model": "roles.role", 
    "fields": {
      "roleType": 5, 
      "description": "Can take containers from this divisional hangar", 
      "accessLvl": 100, 
      "roleID": 70368744177664, 
      "wallet": null, 
      "dispName": "Container Take: %s", 
      "roleName": "roleContainerCanTake5", 
      "hangar": 1004
    }
  }, 
  {
    "pk": 115, 
    "model": "roles.role", 
    "fields": {
      "roleType": 5, 
      "description": "Can take containers from this divisional hangar", 
      "accessLvl": 100, 
      "roleID": 140737488355328, 
      "wallet": null, 
      "dispName": "Container Take: %s", 
      "roleName": "roleContainerCanTake6", 
      "hangar": 1005
    }
  }, 
  {
    "pk": 116, 
    "model": "roles.role", 
    "fields": {
      "roleType": 5, 
      "description": "Can take containers from this divisional hangar", 
      "accessLvl": 100, 
      "roleID": 281474976710656, 
      "wallet": null, 
      "dispName": "Container Take: %s", 
      "roleName": "roleContainerCanTake7", 
      "hangar": 1006
    }
  }, 
  {
    "pk": 117, 
    "model": "roles.role", 
    "fields": {
      "roleType": 6, 
      "description": "Can take items from this divisions hangar", 
      "accessLvl": 100, 
      "roleID": 8192, 
      "wallet": null, 
      "dispName": "Hangar Take: %s", 
      "roleName": "roleHangarCanTake1", 
      "hangar": 1000
    }
  }, 
  {
    "pk": 118, 
    "model": "roles.role", 
    "fields": {
      "roleType": 6, 
      "description": "Can take items from this divisions hangar", 
      "accessLvl": 100, 
      "roleID": 16384, 
      "wallet": null, 
      "dispName": "Hangar Take: %s", 
      "roleName": "roleHangarCanTake2", 
      "hangar": 1001
    }
  }, 
  {
    "pk": 119, 
    "model": "roles.role", 
    "fields": {
      "roleType": 6, 
      "description": "Can take items from this divisions hangar", 
      "accessLvl": 100, 
      "roleID": 32768, 
      "wallet": null, 
      "dispName": "Hangar Take: %s", 
      "roleName": "roleHangarCanTake3", 
      "hangar": 1002
    }
  }, 
  {
    "pk": 120, 
    "model": "roles.role", 
    "fields": {
      "roleType": 6, 
      "description": "Can take items from this divisions hangar", 
      "accessLvl": 100, 
      "roleID": 65536, 
      "wallet": null, 
      "dispName": "Hangar Take: %s", 
      "roleName": "roleHangarCanTake4", 
      "hangar": 1003
    }
  }, 
  {
    "pk": 121, 
    "model": "roles.role", 
    "fields": {
      "roleType": 6, 
      "description": "Can take items from this divisions hangar", 
      "accessLvl": 100, 
      "roleID": 131072, 
      "wallet": null, 
      "dispName": "Hangar Take: %s", 
      "roleName": "roleHangarCanTake5", 
      "hangar": 1004
    }
  }, 
  {
    "pk": 122, 
    "model": "roles.role", 
    "fields": {
      "roleType": 6, 
      "description": "Can take items from this divisions hangar", 
      "accessLvl": 100, 
      "roleID": 262144, 
      "wallet": null, 
      "dispName": "Hangar Take: %s", 
      "roleName": "roleHangarCanTake6", 
      "hangar": 1005
    }
  }, 
  {
    "pk": 123, 
    "model": "roles.role", 
    "fields": {
      "roleType": 6, 
      "description": "Can take items from this divisions hangar", 
      "accessLvl": 100, 
      "roleID": 524288, 
      "wallet": null, 
      "dispName": "Hangar Take: %s", 
      "roleName": "roleHangarCanTake7", 
      "hangar": 1006
    }
  }, 
  {
    "pk": 124, 
    "model": "roles.role", 
    "fields": {
      "roleType": 6, 
      "description": "Can query the content of this divisions hangar", 
      "accessLvl": 100, 
      "roleID": 1048576, 
      "wallet": null, 
      "dispName": "Hangar Query: %s", 
      "roleName": "roleHangarCanQuery1", 
      "hangar": 1000
    }
  }, 
  {
    "pk": 125, 
    "model": "roles.role", 
    "fields": {
      "roleType": 6, 
      "description": "Can query the content of this divisions hangar", 
      "accessLvl": 100, 
      "roleID": 2097152, 
      "wallet": null, 
      "dispName": "Hangar Query: %s", 
      "roleName": "roleHangarCanQuery2", 
      "hangar": 1001
    }
  }, 
  {
    "pk": 126, 
    "model": "roles.role", 
    "fields": {
      "roleType": 6, 
      "description": "Can query the content of this divisions hangar", 
      "accessLvl": 100, 
      "roleID": 4194304, 
      "wallet": null, 
      "dispName": "Hangar Query: %s", 
      "roleName": "roleHangarCanQuery3", 
      "hangar": 1002
    }
  }, 
  {
    "pk": 127, 
    "model": "roles.role", 
    "fields": {
      "roleType": 6, 
      "description": "Can query the content of this divisions hangar", 
      "accessLvl": 100, 
      "roleID": 8388608, 
      "wallet": null, 
      "dispName": "Hangar Query: %s", 
      "roleName": "roleHangarCanQuery4", 
      "hangar": 1003
    }
  }, 
  {
    "pk": 128, 
    "model": "roles.role", 
    "fields": {
      "roleType": 6, 
      "description": "Can query the content of this divisions hangar", 
      "accessLvl": 100, 
      "roleID": 16777216, 
      "wallet": null, 
      "dispName": "Hangar Query: %s", 
      "roleName": "roleHangarCanQuery5", 
      "hangar": 1004
    }
  }, 
  {
    "pk": 129, 
    "model": "roles.role", 
    "fields": {
      "roleType": 6, 
      "description": "Can query the content of this divisions hangar", 
      "accessLvl": 100, 
      "roleID": 33554432, 
      "wallet": null, 
      "dispName": "Hangar Query: %s", 
      "roleName": "roleHangarCanQuery6", 
      "hangar": 1005
    }
  }, 
  {
    "pk": 130, 
    "model": "roles.role", 
    "fields": {
      "roleType": 6, 
      "description": "Can query the content of this divisions hangar", 
      "accessLvl": 100, 
      "roleID": 67108864, 
      "wallet": null, 
      "dispName": "Hangar Query: %s", 
      "roleName": "roleHangarCanQuery7", 
      "hangar": 1006
    }
  }, 
  {
    "pk": 131, 
    "model": "roles.role", 
    "fields": {
      "roleType": 6, 
      "description": "Can take containers from this divisional hangar", 
      "accessLvl": 100, 
      "roleID": 4398046511104, 
      "wallet": null, 
      "dispName": "Container Take: %s", 
      "roleName": "roleContainerCanTake1", 
      "hangar": 1000
    }
  }, 
  {
    "pk": 132, 
    "model": "roles.role", 
    "fields": {
      "roleType": 6, 
      "description": "Can take containers from this divisional hangar", 
      "accessLvl": 100, 
      "roleID": 8796093022208, 
      "wallet": null, 
      "dispName": "Container Take: %s", 
      "roleName": "roleContainerCanTake2", 
      "hangar": 1001
    }
  }, 
  {
    "pk": 133, 
    "model": "roles.role", 
    "fields": {
      "roleType": 6, 
      "description": "Can take containers from this divisional hangar", 
      "accessLvl": 100, 
      "roleID": 17592186044416, 
      "wallet": null, 
      "dispName": "Container Take: %s", 
      "roleName": "roleContainerCanTake3", 
      "hangar": 1002
    }
  }, 
  {
    "pk": 134, 
    "model": "roles.role", 
    "fields": {
      "roleType": 6, 
      "description": "Can take containers from this divisional hangar", 
      "accessLvl": 100, 
      "roleID": 35184372088832, 
      "wallet": null, 
      "dispName": "Container Take: %s", 
      "roleName": "roleContainerCanTake4", 
      "hangar": 1003
    }
  }, 
  {
    "pk": 135, 
    "model": "roles.role", 
    "fields": {
      "roleType": 6, 
      "description": "Can take containers from this divisional hangar", 
      "accessLvl": 100, 
      "roleID": 70368744177664, 
      "wallet": null, 
      "dispName": "Container Take: %s", 
      "roleName": "roleContainerCanTake5", 
      "hangar": 1004
    }
  }, 
  {
    "pk": 136, 
    "model": "roles.role", 
    "fields": {
      "roleType": 6, 
      "description": "Can take containers from this divisional hangar", 
      "accessLvl": 100, 
      "roleID": 140737488355328, 
      "wallet": null, 
      "dispName": "Container Take: %s", 
      "roleName": "roleContainerCanTake6", 
      "hangar": 1005
    }
  }, 
  {
    "pk": 137, 
    "model": "roles.role", 
    "fields": {
      "roleType": 6, 
      "description": "Can take containers from this divisional hangar", 
      "accessLvl": 100, 
      "roleID": 281474976710656, 
      "wallet": null, 
      "dispName": "Container Take: %s", 
      "roleName": "roleContainerCanTake7", 
      "hangar": 1006
    }
  }, 
  {
    "pk": 138, 
    "model": "roles.role", 
    "fields": {
      "roleType": 7, 
      "description": "Can do anything the CEO can do. Including giving roles to anyone.", 
      "accessLvl": 1000000, 
      "roleID": 1, 
      "wallet": null, 
      "dispName": "Director", 
      "roleName": "roleDirector", 
      "hangar": null
    }
  }, 
  {
    "pk": 139, 
    "model": "roles.role", 
    "fields": {
      "roleType": 7, 
      "description": "Can take items from this divisions hangar", 
      "accessLvl": 100, 
      "roleID": 8192, 
      "wallet": null, 
      "dispName": "Hangar Take: %s", 
      "roleName": "roleHangarCanTake1", 
      "hangar": 1000
    }
  }, 
  {
    "pk": 140, 
    "model": "roles.role", 
    "fields": {
      "roleType": 7, 
      "description": "Can take items from this divisions hangar", 
      "accessLvl": 100, 
      "roleID": 16384, 
      "wallet": null, 
      "dispName": "Hangar Take: %s", 
      "roleName": "roleHangarCanTake2", 
      "hangar": 1001
    }
  }, 
  {
    "pk": 141, 
    "model": "roles.role", 
    "fields": {
      "roleType": 7, 
      "description": "Can take items from this divisions hangar", 
      "accessLvl": 100, 
      "roleID": 32768, 
      "wallet": null, 
      "dispName": "Hangar Take: %s", 
      "roleName": "roleHangarCanTake3", 
      "hangar": 1002
    }
  }, 
  {
    "pk": 142, 
    "model": "roles.role", 
    "fields": {
      "roleType": 7, 
      "description": "Can take items from this divisions hangar", 
      "accessLvl": 100, 
      "roleID": 65536, 
      "wallet": null, 
      "dispName": "Hangar Take: %s", 
      "roleName": "roleHangarCanTake4", 
      "hangar": 1003
    }
  }, 
  {
    "pk": 143, 
    "model": "roles.role", 
    "fields": {
      "roleType": 7, 
      "description": "Can take items from this divisions hangar", 
      "accessLvl": 100, 
      "roleID": 131072, 
      "wallet": null, 
      "dispName": "Hangar Take: %s", 
      "roleName": "roleHangarCanTake5", 
      "hangar": 1004
    }
  }, 
  {
    "pk": 144, 
    "model": "roles.role", 
    "fields": {
      "roleType": 7, 
      "description": "Can take items from this divisions hangar", 
      "accessLvl": 100, 
      "roleID": 262144, 
      "wallet": null, 
      "dispName": "Hangar Take: %s", 
      "roleName": "roleHangarCanTake6", 
      "hangar": 1005
    }
  }, 
  {
    "pk": 145, 
    "model": "roles.role", 
    "fields": {
      "roleType": 7, 
      "description": "Can take items from this divisions hangar", 
      "accessLvl": 100, 
      "roleID": 524288, 
      "wallet": null, 
      "dispName": "Hangar Take: %s", 
      "roleName": "roleHangarCanTake7", 
      "hangar": 1006
    }
  }, 
  {
    "pk": 146, 
    "model": "roles.role", 
    "fields": {
      "roleType": 7, 
      "description": "Can query the content of this divisions hangar", 
      "accessLvl": 100, 
      "roleID": 1048576, 
      "wallet": null, 
      "dispName": "Hangar Query: %s", 
      "roleName": "roleHangarCanQuery1", 
      "hangar": 1000
    }
  }, 
  {
    "pk": 147, 
    "model": "roles.role", 
    "fields": {
      "roleType": 7, 
      "description": "Can query the content of this divisions hangar", 
      "accessLvl": 100, 
      "roleID": 2097152, 
      "wallet": null, 
      "dispName": "Hangar Query: %s", 
      "roleName": "roleHangarCanQuery2", 
      "hangar": 1001
    }
  }, 
  {
    "pk": 148, 
    "model": "roles.role", 
    "fields": {
      "roleType": 7, 
      "description": "Can query the content of this divisions hangar", 
      "accessLvl": 100, 
      "roleID": 4194304, 
      "wallet": null, 
      "dispName": "Hangar Query: %s", 
      "roleName": "roleHangarCanQuery3", 
      "hangar": 1002
    }
  }, 
  {
    "pk": 149, 
    "model": "roles.role", 
    "fields": {
      "roleType": 7, 
      "description": "Can query the content of this divisions hangar", 
      "accessLvl": 100, 
      "roleID": 8388608, 
      "wallet": null, 
      "dispName": "Hangar Query: %s", 
      "roleName": "roleHangarCanQuery4", 
      "hangar": 1003
    }
  }, 
  {
    "pk": 150, 
    "model": "roles.role", 
    "fields": {
      "roleType": 7, 
      "description": "Can query the content of this divisions hangar", 
      "accessLvl": 100, 
      "roleID": 16777216, 
      "wallet": null, 
      "dispName": "Hangar Query: %s", 
      "roleName": "roleHangarCanQuery5", 
      "hangar": 1004
    }
  }, 
  {
    "pk": 151, 
    "model": "roles.role", 
    "fields": {
      "roleType": 7, 
      "description": "Can query the content of this divisions hangar", 
      "accessLvl": 100, 
      "roleID": 33554432, 
      "wallet": null, 
      "dispName": "Hangar Query: %s", 
      "roleName": "roleHangarCanQuery6", 
      "hangar": 1005
    }
  }, 
  {
    "pk": 152, 
    "model": "roles.role", 
    "fields": {
      "roleType": 7, 
      "description": "Can query the content of this divisions hangar", 
      "accessLvl": 100, 
      "roleID": 67108864, 
      "wallet": null, 
      "dispName": "Hangar Query: %s", 
      "roleName": "roleHangarCanQuery7", 
      "hangar": 1006
    }
  }, 
  {
    "pk": 153, 
    "model": "roles.role", 
    "fields": {
      "roleType": 7, 
      "description": "Can take containers from this divisional hangar", 
      "accessLvl": 100, 
      "roleID": 4398046511104, 
      "wallet": null, 
      "dispName": "Container Take: %s", 
      "roleName": "roleContainerCanTake1", 
      "hangar": 1000
    }
  }, 
  {
    "pk": 154, 
    "model": "roles.role", 
    "fields": {
      "roleType": 7, 
      "description": "Can take containers from this divisional hangar", 
      "accessLvl": 100, 
      "roleID": 8796093022208, 
      "wallet": null, 
      "dispName": "Container Take: %s", 
      "roleName": "roleContainerCanTake2", 
      "hangar": 1001
    }
  }, 
  {
    "pk": 155, 
    "model": "roles.role", 
    "fields": {
      "roleType": 7, 
      "description": "Can take containers from this divisional hangar", 
      "accessLvl": 100, 
      "roleID": 17592186044416, 
      "wallet": null, 
      "dispName": "Container Take: %s", 
      "roleName": "roleContainerCanTake3", 
      "hangar": 1002
    }
  }, 
  {
    "pk": 156, 
    "model": "roles.role", 
    "fields": {
      "roleType": 7, 
      "description": "Can take containers from this divisional hangar", 
      "accessLvl": 100, 
      "roleID": 35184372088832, 
      "wallet": null, 
      "dispName": "Container Take: %s", 
      "roleName": "roleContainerCanTake4", 
      "hangar": 1003
    }
  }, 
  {
    "pk": 157, 
    "model": "roles.role", 
    "fields": {
      "roleType": 7, 
      "description": "Can take containers from this divisional hangar", 
      "accessLvl": 100, 
      "roleID": 70368744177664, 
      "wallet": null, 
      "dispName": "Container Take: %s", 
      "roleName": "roleContainerCanTake5", 
      "hangar": 1004
    }
  }, 
  {
    "pk": 158, 
    "model": "roles.role", 
    "fields": {
      "roleType": 7, 
      "description": "Can take containers from this divisional hangar", 
      "accessLvl": 100, 
      "roleID": 140737488355328, 
      "wallet": null, 
      "dispName": "Container Take: %s", 
      "roleName": "roleContainerCanTake6", 
      "hangar": 1005
    }
  }, 
  {
    "pk": 159, 
    "model": "roles.role", 
    "fields": {
      "roleType": 7, 
      "description": "Can take containers from this divisional hangar", 
      "accessLvl": 100, 
      "roleID": 281474976710656, 
      "wallet": null, 
      "dispName": "Container Take: %s", 
      "roleName": "roleContainerCanTake7", 
      "hangar": 1006
    }
  }, 
  {
    "pk": 160, 
    "model": "roles.role", 
    "fields": {
      "roleType": 8, 
      "description": "Can take items from this divisions hangar", 
      "accessLvl": 100, 
      "roleID": 8192, 
      "wallet": null, 
      "dispName": "Hangar Take: %s", 
      "roleName": "roleHangarCanTake1", 
      "hangar": 1000
    }
  }, 
  {
    "pk": 161, 
    "model": "roles.role", 
    "fields": {
      "roleType": 8, 
      "description": "Can take items from this divisions hangar", 
      "accessLvl": 100, 
      "roleID": 16384, 
      "wallet": null, 
      "dispName": "Hangar Take: %s", 
      "roleName": "roleHangarCanTake2", 
      "hangar": 1001
    }
  }, 
  {
    "pk": 162, 
    "model": "roles.role", 
    "fields": {
      "roleType": 8, 
      "description": "Can take items from this divisions hangar", 
      "accessLvl": 100, 
      "roleID": 32768, 
      "wallet": null, 
      "dispName": "Hangar Take: %s", 
      "roleName": "roleHangarCanTake3", 
      "hangar": 1002
    }
  }, 
  {
    "pk": 163, 
    "model": "roles.role", 
    "fields": {
      "roleType": 8, 
      "description": "Can take items from this divisions hangar", 
      "accessLvl": 100, 
      "roleID": 65536, 
      "wallet": null, 
      "dispName": "Hangar Take: %s", 
      "roleName": "roleHangarCanTake4", 
      "hangar": 1003
    }
  }, 
  {
    "pk": 164, 
    "model": "roles.role", 
    "fields": {
      "roleType": 8, 
      "description": "Can take items from this divisions hangar", 
      "accessLvl": 100, 
      "roleID": 131072, 
      "wallet": null, 
      "dispName": "Hangar Take: %s", 
      "roleName": "roleHangarCanTake5", 
      "hangar": 1004
    }
  }, 
  {
    "pk": 165, 
    "model": "roles.role", 
    "fields": {
      "roleType": 8, 
      "description": "Can take items from this divisions hangar", 
      "accessLvl": 100, 
      "roleID": 262144, 
      "wallet": null, 
      "dispName": "Hangar Take: %s", 
      "roleName": "roleHangarCanTake6", 
      "hangar": 1005
    }
  }, 
  {
    "pk": 166, 
    "model": "roles.role", 
    "fields": {
      "roleType": 8, 
      "description": "Can take items from this divisions hangar", 
      "accessLvl": 100, 
      "roleID": 524288, 
      "wallet": null, 
      "dispName": "Hangar Take: %s", 
      "roleName": "roleHangarCanTake7", 
      "hangar": 1006
    }
  }, 
  {
    "pk": 167, 
    "model": "roles.role", 
    "fields": {
      "roleType": 8, 
      "description": "Can query the content of this divisions hangar", 
      "accessLvl": 100, 
      "roleID": 1048576, 
      "wallet": null, 
      "dispName": "Hangar Query: %s", 
      "roleName": "roleHangarCanQuery1", 
      "hangar": 1000
    }
  }, 
  {
    "pk": 168, 
    "model": "roles.role", 
    "fields": {
      "roleType": 8, 
      "description": "Can query the content of this divisions hangar", 
      "accessLvl": 100, 
      "roleID": 2097152, 
      "wallet": null, 
      "dispName": "Hangar Query: %s", 
      "roleName": "roleHangarCanQuery2", 
      "hangar": 1001
    }
  }, 
  {
    "pk": 169, 
    "model": "roles.role", 
    "fields": {
      "roleType": 8, 
      "description": "Can query the content of this divisions hangar", 
      "accessLvl": 100, 
      "roleID": 4194304, 
      "wallet": null, 
      "dispName": "Hangar Query: %s", 
      "roleName": "roleHangarCanQuery3", 
      "hangar": 1002
    }
  }, 
  {
    "pk": 170, 
    "model": "roles.role", 
    "fields": {
      "roleType": 8, 
      "description": "Can query the content of this divisions hangar", 
      "accessLvl": 100, 
      "roleID": 8388608, 
      "wallet": null, 
      "dispName": "Hangar Query: %s", 
      "roleName": "roleHangarCanQuery4", 
      "hangar": 1003
    }
  }, 
  {
    "pk": 171, 
    "model": "roles.role", 
    "fields": {
      "roleType": 8, 
      "description": "Can query the content of this divisions hangar", 
      "accessLvl": 100, 
      "roleID": 16777216, 
      "wallet": null, 
      "dispName": "Hangar Query: %s", 
      "roleName": "roleHangarCanQuery5", 
      "hangar": 1004
    }
  }, 
  {
    "pk": 172, 
    "model": "roles.role", 
    "fields": {
      "roleType": 8, 
      "description": "Can query the content of this divisions hangar", 
      "accessLvl": 100, 
      "roleID": 33554432, 
      "wallet": null, 
      "dispName": "Hangar Query: %s", 
      "roleName": "roleHangarCanQuery6", 
      "hangar": 1005
    }
  }, 
  {
    "pk": 173, 
    "model": "roles.role", 
    "fields": {
      "roleType": 8, 
      "description": "Can query the content of this divisions hangar", 
      "accessLvl": 100, 
      "roleID": 67108864, 
      "wallet": null, 
      "dispName": "Hangar Query: %s", 
      "roleName": "roleHangarCanQuery7", 
      "hangar": 1006
    }
  }, 
  {
    "pk": 174, 
    "model": "roles.role", 
    "fields": {
      "roleType": 8, 
      "description": "Can take containers from this divisional hangar", 
      "accessLvl": 100, 
      "roleID": 4398046511104, 
      "wallet": null, 
      "dispName": "Container Take: %s", 
      "roleName": "roleContainerCanTake1", 
      "hangar": 1000
    }
  }, 
  {
    "pk": 175, 
    "model": "roles.role", 
    "fields": {
      "roleType": 8, 
      "description": "Can take containers from this divisional hangar", 
      "accessLvl": 100, 
      "roleID": 8796093022208, 
      "wallet": null, 
      "dispName": "Container Take: %s", 
      "roleName": "roleContainerCanTake2", 
      "hangar": 1001
    }
  }, 
  {
    "pk": 176, 
    "model": "roles.role", 
    "fields": {
      "roleType": 8, 
      "description": "Can take containers from this divisional hangar", 
      "accessLvl": 100, 
      "roleID": 17592186044416, 
      "wallet": null, 
      "dispName": "Container Take: %s", 
      "roleName": "roleContainerCanTake3", 
      "hangar": 1002
    }
  }, 
  {
    "pk": 177, 
    "model": "roles.role", 
    "fields": {
      "roleType": 8, 
      "description": "Can take containers from this divisional hangar", 
      "accessLvl": 100, 
      "roleID": 35184372088832, 
      "wallet": null, 
      "dispName": "Container Take: %s", 
      "roleName": "roleContainerCanTake4", 
      "hangar": 1003
    }
  }, 
  {
    "pk": 178, 
    "model": "roles.role", 
    "fields": {
      "roleType": 8, 
      "description": "Can take containers from this divisional hangar", 
      "accessLvl": 100, 
      "roleID": 70368744177664, 
      "wallet": null, 
      "dispName": "Container Take: %s", 
      "roleName": "roleContainerCanTake5", 
      "hangar": 1004
    }
  }, 
  {
    "pk": 179, 
    "model": "roles.role", 
    "fields": {
      "roleType": 8, 
      "description": "Can take containers from this divisional hangar", 
      "accessLvl": 100, 
      "roleID": 140737488355328, 
      "wallet": null, 
      "dispName": "Container Take: %s", 
      "roleName": "roleContainerCanTake6", 
      "hangar": 1005
    }
  }, 
  {
    "pk": 180, 
    "model": "roles.role", 
    "fields": {
      "roleType": 8, 
      "description": "Can take containers from this divisional hangar", 
      "accessLvl": 100, 
      "roleID": 281474976710656, 
      "wallet": null, 
      "dispName": "Container Take: %s", 
      "roleName": "roleContainerCanTake7", 
      "hangar": 1006
    }
  }, 
  {
    "pk": 1, 
    "model": "api.apikey", 
    "fields": {
      "userID": 0, 
      "name": "", 
      "key": "", 
      "charID": 0
    }
  }
]
